code;cruise;date;id_tanda;tanda;lon;lat;time;duration;numtraps;effort;depth;weight;sex
1;2018;16/10/2018;1;1;-6,907658318;43,578125;0,3976;0,07;31;0,205;20,84832;430;Hembra
2;2018;16/10/2018;1;1;-6,907658318;43,578125;0,3976;0,07;31;0,205;20,84832;710;Macho
3;2018;16/10/2018;1;1;-6,907658318;43,578125;0,3976;0,07;31;0,205;20,84832;730;Macho
4;2018;16/10/2018;1;1;-6,907658318;43,578125;0,3976;0,07;31;0,205;20,84832;460;Macho
5;2018;16/10/2018;1;1;-6,907658318;43,578125;0,3976;0,07;31;0,205;20,84832;960;Hembra
6;2018;16/10/2018;1;1;-6,907658318;43,578125;0,3976;0,07;31;0,205;20,84832;770;Macho
7;2018;16/10/2018;2;2;-6,917250006;43,58380833;0,4080;0,07;30;0,219;33,8328;1715;Macho
8;2018;16/10/2018;2;2;-6,917250006;43,58380833;0,4080;0,07;30;0,219;33,8328;1040;Macho
9;2018;16/10/2018;2;2;-6,917250006;43,58380833;0,4080;0,07;30;0,219;33,8328;660;Macho
10;2018;16/10/2018;2;2;-6,917250006;43,58380833;0,4080;0,07;30;0,219;33,8328;1130;Hembra
11;2018;16/10/2018;2;2;-6,917250006;43,58380833;0,4080;0,07;30;0,219;33,8328;920;Hembra
12;2018;16/10/2018;3;3;-6,922550003;43,59025833;0,4219;0,08;26;0,217;56,87568;540;Hembra
13;2018;16/10/2018;3;3;-6,922550003;43,59025833;0,4219;0,08;26;0,217;56,87568;880;Macho
14;2018;16/10/2018;3;3;-6,922550003;43,59025833;0,4219;0,08;26;0,217;56,87568;2320;Hembra
15;2018;16/10/2018;4;4;-6,926133342;43,60001667;0,4340;0,10;34;0,331;72,60336;620;Hembra
16;2018;16/10/2018;4;4;-6,926133342;43,60001667;0,4340;0,10;34;0,331;72,60336;840;Hembra
17;2018;16/10/2018;5;5;-6,932999997;43,60928333;0,4479;0,11;34;0,366;91,25712;640;Macho
18;2018;16/10/2018;5;5;-6,932999997;43,60928333;0,4479;0,11;34;0,366;91,25712;1260;Macho
19;2018;16/10/2018;5;5;-6,932999997;43,60928333;0,4479;0,11;34;0,366;91,25712;85;Hembra
20;2018;16/10/2018;5;5;-6,932999997;43,60928333;0,4479;0,11;34;0,366;91,25712;640;Macho
21;2018;16/10/2018;6;6;-6,93719165;43,61954167;0,4601;0,11;35;0,401;102,4128;640;Macho
22;2018;17/10/2018;1;7;-6,905533329;43,57715833;0,8250;1,00;31;3,100;20,1168;125;Hembra
23;2018;17/10/2018;2;8;-6,919283327;43,58315833;0,8389;1,00;30;3,000;32,73552;110;Hembra
24;2018;17/10/2018;3;9;-7,032700001;43,56785833;0,4229;0,08;30;0,254;20,1168;1545;Macho
25;2018;17/10/2018;3;9;-7,032700001;43,56785833;0,4229;0,08;30;0,254;20,1168;860;Macho
26;2018;17/10/2018;3;9;-7,032700001;43,56785833;0,4229;0,08;30;0,254;20,1168;2680;Hembra
27;2018;17/10/2018;3;9;-7,032700001;43,56785833;0,4229;0,08;30;0,254;20,1168;1465;Hembra
28;2018;17/10/2018;3;9;-7,032700001;43,56785833;0,4229;0,08;30;0,254;20,1168;460;Hembra
29;2018;17/10/2018;3;9;-7,032700001;43,56785833;0,4229;0,08;30;0,254;20,1168;2390;Macho
30;2018;17/10/2018;3;9;-7,032700001;43,56785833;0,4229;0,08;30;0,254;20,1168;755;Hembra
31;2018;17/10/2018;3;9;-7,032700001;43,56785833;0,4229;0,08;30;0,254;20,1168;535;Macho
32;2018;17/10/2018;3;9;-7,032700001;43,56785833;0,4229;0,08;30;0,254;20,1168;190;Hembra
33;2018;17/10/2018;4;10;-7,033199997;43,57305833;0,4333;0,09;31;0,288;38,4048;570;Hembra
34;2018;17/10/2018;4;10;-7,033199997;43,57305833;0,4333;0,09;31;0,288;38,4048;250;Macho
35;2018;17/10/2018;4;10;-7,033199997;43,57305833;0,4333;0,09;31;0,288;38,4048;1195;Macho
36;2018;17/10/2018;4;10;-7,033199997;43,57305833;0,4333;0,09;31;0,288;38,4048;2690;Macho
37;2018;17/10/2018;5;11;-7,02667;43,61681667;0,4753;0,15;35;0,532;104,2416;185;Hembra
38;2018;17/10/2018;6;12;-7,025649995;43,60686667;0,4764;0,12;34;0,397;91,44;1690;Macho
39;2018;17/10/2018;6;12;-7,025649995;43,60686667;0,4764;0,12;34;0,397;91,44;780;Macho
40;2018;17/10/2018;6;12;-7,025649995;43,60686667;0,4764;0,12;34;0,397;91,44;55;Hembra
41;2018;17/10/2018;7;13;-7,027966664;43,59154167;0,4736;0,09;34;0,309;74,9808;1250;Macho
42;2018;17/10/2018;7;13;-7,027966664;43,59154167;0,4736;0,09;34;0,309;74,9808;1680;Hembra
43;2018;17/10/2018;7;13;-7,027966664;43,59154167;0,4736;0,09;34;0,309;74,9808;1490;Hembra
44;2018;17/10/2018;7;13;-7,027966664;43,59154167;0,4736;0,09;34;0,309;74,9808;2045;Macho
45;2018;17/10/2018;8;14;-7,033791665;43,57683333;0,4694;0,07;26;0,177;51,2064;960;Macho
46;2018;17/10/2018;8;14;-7,033791665;43,57683333;0,4694;0,07;26;0,177;51,2064;890;Indeterminado
47;2018;17/10/2018;8;14;-7,033791665;43,57683333;0,4694;0,07;26;0,177;51,2064;1610;Hembra
48;2018;17/10/2018;8;14;-7,033791665;43,57683333;0,4694;0,07;26;0,177;51,2064;1210;Macho
49;2018;17/10/2018;8;14;-7,033791665;43,57683333;0,4694;0,07;26;0,177;51,2064;485;Macho
50;2018;17/10/2018;8;14;-7,033791665;43,57683333;0,4694;0,07;26;0,177;51,2064;1325;Macho
51;2018;24/10/2018;1;15;-6,807799992;43,57075833;0,4507;0,25;30;0,754;18,288;1275;Macho
52;2018;24/10/2018;1;15;-6,807799992;43,57075833;0,4507;0,25;30;0,754;18,288;1925;Macho
53;2018;24/10/2018;1;15;-6,807799992;43,57075833;0,4507;0,25;30;0,754;18,288;1245;Macho
54;2018;24/10/2018;1;15;-6,807799992;43,57075833;0,4507;0,25;30;0,754;18,288;1050;Hembra
55;2018;24/10/2018;1;15;-6,807799992;43,57075833;0,4507;0,25;30;0,754;18,288;1685;Macho
56;2018;24/10/2018;1;15;-6,807799992;43,57075833;0,4507;0,25;30;0,754;18,288;1810;Macho
57;2018;24/10/2018;1;15;-6,807799992;43,57075833;0,4507;0,25;30;0,754;18,288;800;Macho
58;2018;24/10/2018;1;15;-6,807799992;43,57075833;0,4507;0,25;30;0,754;18,288;805;Macho
59;2018;24/10/2018;2;16;-6,814399997;43,57549167;0,4656;0,26;31;0,812;32,9184;2180;Macho
60;2018;24/10/2018;2;16;-6,814399997;43,57549167;0,4656;0,26;31;0,812;32,9184;705;Macho
61;2018;24/10/2018;2;16;-6,814399997;43,57549167;0,4656;0,26;31;0,812;32,9184;2650;Macho
62;2018;24/10/2018;2;16;-6,814399997;43,57549167;0,4656;0,26;31;0,812;32,9184;3230;Macho
63;2018;24/10/2018;2;16;-6,814399997;43,57549167;0,4656;0,26;31;0,812;32,9184;990;Macho
64;2018;24/10/2018;2;16;-6,814399997;43,57549167;0,4656;0,26;31;0,812;32,9184;1350;Macho
65;2018;24/10/2018;3;17;-6,811866668;43,58615833;0,4670;0,29;30;0,865;51,2064;1440;Macho
66;2018;24/10/2018;3;17;-6,811866668;43,58615833;0,4670;0,29;30;0,865;51,2064;1330;Hembra
67;2018;24/10/2018;3;17;-6,811866668;43,58615833;0,4670;0,29;30;0,865;51,2064;1180;Macho
68;2018;24/10/2018;4;18;-6,811716673;43,59625;0,4750;0,31;34;1,058;67,6656;1230;Hembra
69;2018;24/10/2018;4;18;-6,811716673;43,59625;0,4750;0,31;34;1,058;67,6656;1520;Hembra
70;2018;24/10/2018;5;19;-6,810825003;43,60659167;0,4788;0,34;34;1,145;89,6112;1840;Hembra
71;2018;24/10/2018;5;19;-6,810825003;43,60659167;0,4788;0,34;34;1,145;89,6112;750;Macho
72;2018;24/10/2018;5;19;-6,810825003;43,60659167;0,4788;0,34;34;1,145;89,6112;890;Hembra
73;2018;24/10/2018;5;19;-6,810825003;43,60659167;0,4788;0,34;34;1,145;89,6112;1050;Macho
74;2018;24/10/2018;5;19;-6,810825003;43,60659167;0,4788;0,34;34;1,145;89,6112;890;Macho
75;2018;24/10/2018;5;19;-6,810825003;43,60659167;0,4788;0,34;34;1,145;89,6112;730;Hembra
76;2018;24/10/2018;5;19;-6,810825003;43,60659167;0,4788;0,34;34;1,145;89,6112;450;Hembra
77;2018;24/10/2018;5;19;-6,810825003;43,60659167;0,4788;0,34;34;1,145;89,6112;900;Macho
78;2018;24/10/2018;6;20;-6,804816656;43,61684167;0,4854;0,36;35;1,266;93,2688;680;Hembra
79;2018;24/10/2018;6;20;-6,804816656;43,61684167;0,4854;0,36;35;1,266;93,2688;450;Hembra
80;2018;24/10/2018;6;20;-6,804816656;43,61684167;0,4854;0,36;35;1,266;93,2688;550;Macho
81;2018;24/10/2018;6;20;-6,804816656;43,61684167;0,4854;0,36;35;1,266;93,2688;740;Hembra
82;2018;24/10/2018;6;20;-6,804816656;43,61684167;0,4854;0,36;35;1,266;93,2688;740;Macho
83;2018;24/10/2018;6;20;-6,804816656;43,61684167;0,4854;0,36;35;1,266;93,2688;720;Macho
84;2018;24/10/2018;6;20;-6,804816656;43,61684167;0,4854;0,36;35;1,266;93,2688;460;Macho
85;2018;24/10/2018;6;20;-6,804816656;43,61684167;0,4854;0,36;35;1,266;93,2688;720;Macho
86;2018;24/10/2018;6;20;-6,804816656;43,61684167;0,4854;0,36;35;1,266;93,2688;30;Indeterminado
87;2018;24/10/2018;6;20;-6,804816656;43,61684167;0,4854;0,36;35;1,266;93,2688;1200;Macho
88;2018;25/10/2018;1;21;-6,767466666;43,57704167;0,4819;0,28;30;0,835;14,6304;630;Macho
89;2018;25/10/2018;1;21;-6,767466666;43,57704167;0,4819;0,28;30;0,835;14,6304;680;Hembra
90;2018;25/10/2018;1;21;-6,767466666;43,57704167;0,4819;0,28;30;0,835;14,6304;640;Macho
91;2018;25/10/2018;1;21;-6,767466666;43,57704167;0,4819;0,28;30;0,835;14,6304;560;Hembra
92;2018;25/10/2018;2;22;-6,768708341;43,58280833;0,4865;0,30;31;0,917;43,8912;670;Macho
93;2018;25/10/2018;2;22;-6,768708341;43,58280833;0,4865;0,30;31;0,917;43,8912;750;Macho
94;2018;25/10/2018;2;22;-6,768708341;43,58280833;0,4865;0,30;31;0,917;43,8912;980;Macho
95;2018;25/10/2018;2;22;-6,768708341;43,58280833;0,4865;0,30;31;0,917;43,8912;450;Macho
96;2018;25/10/2018;2;22;-6,768708341;43,58280833;0,4865;0,30;31;0,917;43,8912;220;Macho
97;2018;25/10/2018;3;23;-6,764216664;43,58929167;0,4899;0,31;30;0,931;54,864;1300;Indeterminado
98;2018;25/10/2018;3;23;-6,764216664;43,58929167;0,4899;0,31;30;0,931;54,864;1800;Macho
99;2018;25/10/2018;3;23;-6,764216664;43,58929167;0,4899;0,31;30;0,931;54,864;2120;Hembra
100;2018;25/10/2018;3;23;-6,764216664;43,58929167;0,4899;0,31;30;0,931;54,864;520;Hembra
101;2018;25/10/2018;4;24;-6,762525001;43,60189167;0,4938;0,34;34;1,148;82,296;770;Macho
102;2018;25/10/2018;4;24;-6,762525001;43,60189167;0,4938;0,34;34;1,148;82,296;1020;Hembra
103;2018;25/10/2018;4;24;-6,762525001;43,60189167;0,4938;0,34;34;1,148;82,296;560;Macho
104;2018;25/10/2018;5;25;-6,769150003;43,623875;0,4951;0,37;34;1,254;93,2688;460;Macho
105;2018;25/10/2018;5;25;-6,769150003;43,623875;0,4951;0,37;34;1,254;93,2688;800;Macho
106;2018;25/10/2018;5;25;-6,769150003;43,623875;0,4951;0,37;34;1,254;93,2688;610;Macho
107;2018;25/10/2018;6;26;-6,760016657;43,6336;0,5049;0,39;35;1,376;100,584;1380;Macho
108;2018;25/10/2018;6;26;-6,760016657;43,6336;0,5049;0,39;35;1,376;100,584;920;Macho
109;2018;25/10/2018;6;26;-6,760016657;43,6336;0,5049;0,39;35;1,376;100,584;750;Macho
110;2018;30/10/2018;1;27;-6,853833327;43,6221;0,3497;0,12;35;0,420;98,7552;590;Hembra
111;2018;30/10/2018;2;28;-6,855250004;43,6156;0,3618;0,13;34;0,434;93,2688;710;Macho
112;2018;30/10/2018;2;28;-6,855250004;43,6156;0,3618;0,13;34;0,434;93,2688;635;Hembra
113;2018;30/10/2018;3;29;-6,849066667;43,60539167;0,3740;0,14;34;0,468;82,296;860;Macho
114;2018;30/10/2018;3;29;-6,849066667;43,60539167;0,3740;0,14;34;0,468;82,296;760;Macho
115;2018;30/10/2018;3;29;-6,849066667;43,60539167;0,3740;0,14;34;0,468;82,296;410;Hembra
116;2018;30/10/2018;4;30;-6,846208333;43,59125;0,3688;0,15;30;0,454;65,8368;1040;Hembra
117;2018;30/10/2018;4;30;-6,846208333;43,59125;0,3688;0,15;30;0,454;65,8368;770;Hembra
118;2018;30/10/2018;4;30;-6,846208333;43,59125;0,3688;0,15;30;0,454;65,8368;1230;Hembra
119;2018;30/10/2018;4;30;-6,846208333;43,59125;0,3688;0,15;30;0,454;65,8368;1520;Macho
120;2018;30/10/2018;4;30;-6,846208333;43,59125;0,3688;0,15;30;0,454;65,8368;1860;Hembra
121;2018;30/10/2018;4;30;-6,846208333;43,59125;0,3688;0,15;30;0,454;65,8368;720;Macho
122;2018;30/10/2018;5;31;-6,848866674;43,581425;0,4017;0,16;30;0,473;42,0624;1280;Hembra
123;2018;30/10/2018;5;31;-6,848866674;43,581425;0,4017;0,16;30;0,473;42,0624;680;Macho
124;2018;30/10/2018;5;31;-6,848866674;43,581425;0,4017;0,16;30;0,473;42,0624;510;Macho
125;2018;30/10/2018;5;31;-6,848866674;43,581425;0,4017;0,16;30;0,473;42,0624;1740;Hembra
126;2018;30/10/2018;5;31;-6,848866674;43,581425;0,4017;0,16;30;0,473;42,0624;1160;Hembra
127;2018;30/10/2018;5;31;-6,848866674;43,581425;0,4017;0,16;30;0,473;42,0624;1370;Hembra
128;2018;30/10/2018;5;31;-6,848866674;43,581425;0,4017;0,16;30;0,473;42,0624;710;Macho
129;2018;30/10/2018;6;32;-6,849291671;43,576275;0,4111;0,17;31;0,512;23,7744;665;Macho
130;2018;30/10/2018;6;32;-6,849291671;43,576275;0,4111;0,17;31;0,512;23,7744;490;Macho
131;2018;30/10/2018;6;32;-6,849291671;43,576275;0,4111;0,17;31;0,512;23,7744;750;Hembra
132;2018;30/10/2018;6;32;-6,849291671;43,576275;0,4111;0,17;31;0,512;23,7744;1150;Macho
133;2018;30/10/2018;6;32;-6,849291671;43,576275;0,4111;0,17;31;0,512;23,7744;730;Macho
134;2018;30/10/2018;6;32;-6,849291671;43,576275;0,4111;0,17;31;0,512;23,7744;910;Hembra
135;2018;30/10/2018;6;32;-6,849291671;43,576275;0,4111;0,17;31;0,512;23,7744;680;Macho
136;2018;30/10/2018;6;32;-6,849291671;43,576275;0,4111;0,17;31;0,512;23,7744;790;Hembra
137;2018;30/10/2018;6;32;-6,849291671;43,576275;0,4111;0,17;31;0,512;23,7744;3380;Macho
138;2018;30/10/2018;6;32;-6,849291671;43,576275;0,4111;0,17;31;0,512;23,7744;1300;Hembra
139;2018;30/10/2018;6;32;-6,849291671;43,576275;0,4111;0,17;31;0,512;23,7744;820;Macho
140;2018;02/11/2018;1;33;-6,938500008;43,62361667;0,3660;0,09;35;0,306;104,2416;1700;Hembra
141;2018;02/11/2018;1;33;-6,938500008;43,62361667;0,3660;0,09;35;0,306;104,2416;1325;Hembra
142;2018;02/11/2018;2;34;-6,94065;43,610925;0,3250;0,21;34;0,706;95,0976;1160;Hembra
143;2018;02/11/2018;2;34;-6,94065;43,610925;0,3250;0,21;34;0,706;95,0976;625;Macho
144;2018;02/11/2018;2;34;-6,94065;43,610925;0,3250;0,21;34;0,706;95,0976;185;Hembra
145;2018;02/11/2018;2;34;-6,94065;43,610925;0,3250;0,21;34;0,706;95,0976;710;Hembra
146;2018;02/11/2018;3;35;-6,943583335;43,60084167;0,3514;0,19;34;0,633;73,152;1915;Hembra
147;2018;02/11/2018;3;35;-6,943583335;43,60084167;0,3514;0,19;34;0,633;73,152;525;Macho
148;2018;02/11/2018;4;36;-6,940608331;43,59595833;0,3785;0,16;29;0,473;62,1792;645;Macho
149;2018;02/11/2018;4;36;-6,940608331;43,59595833;0,3785;0,16;29;0,473;62,1792;840;Hembra
150;2018;02/11/2018;4;36;-6,940608331;43,59595833;0,3785;0,16;29;0,473;62,1792;560;Hembra
151;2018;02/11/2018;4;36;-6,940608331;43,59595833;0,3785;0,16;29;0,473;62,1792;425;Hembra
152;2018;02/11/2018;5;37;-6,941083333;43,590575;0,4024;0,14;30;0,429;43,8912;905;Hembra
153;2018;02/11/2018;5;37;-6,941083333;43,590575;0,4024;0,14;30;0,429;43,8912;145;Hembra
154;2018;02/11/2018;5;37;-6,941083333;43,590575;0,4024;0,14;30;0,429;43,8912;1380;Macho
155;2018;02/11/2018;5;37;-6,941083333;43,590575;0,4024;0,14;30;0,429;43,8912;895;Macho
156;2018;02/11/2018;5;37;-6,941083333;43,590575;0,4024;0,14;30;0,429;43,8912;915;Hembra
157;2018;02/11/2018;5;37;-6,941083333;43,590575;0,4024;0,14;30;0,429;43,8912;890;Macho
158;2018;02/11/2018;5;37;-6,941083333;43,590575;0,4024;0,14;30;0,429;43,8912;490;Hembra
159;2018;02/11/2018;5;37;-6,941083333;43,590575;0,4024;0,14;30;0,429;43,8912;1025;Hembra
160;2018;02/11/2018;5;37;-6,941083333;43,590575;0,4024;0,14;30;0,429;43,8912;1380;Hembra
161;2018;02/11/2018;6;38;-6,941583327;43,58384167;0,4274;0,12;31;0,364;21,0312;1380;Hembra
162;2018;02/11/2018;6;38;-6,941583327;43,58384167;0,4274;0,12;31;0,364;21,0312;2345;Macho
163;2018;02/11/2018;6;38;-6,941583327;43,58384167;0,4274;0,12;31;0,364;21,0312;840;Hembra
164;2018;02/11/2018;6;38;-6,941583327;43,58384167;0,4274;0,12;31;0,364;21,0312;1480;Hembra
165;2018;02/11/2018;6;38;-6,941583327;43,58384167;0,4274;0,12;31;0,364;21,0312;797;Hembra
166;2018;13/11/2018;1;39;-6,985475001;43,57118333;0,3542;0,11;30;0,335;22,49424;750;Macho
167;2018;13/11/2018;1;39;-6,985475001;43,57118333;0,3542;0,11;30;0,335;22,49424;1450;Macho
168;2018;13/11/2018;1;39;-6,985475001;43,57118333;0,3542;0,11;30;0,335;22,49424;2300;Hembra
169;2018;13/11/2018;2;40;-6,991300001;43,57683333;0,3632;0,12;30;0,354;36,576;1150;Hembra
170;2018;13/11/2018;3;41;-6,983691672;43,59145833;0,3788;0,13;29;0,377;56,6928;1730;Macho
171;2018;13/11/2018;3;41;-6,983691672;43,59145833;0,3788;0,13;29;0,377;56,6928;595;Hembra
172;2018;13/11/2018;3;41;-6,983691672;43,59145833;0,3788;0,13;29;0,377;56,6928;1435;Hembra
173;2018;13/11/2018;3;41;-6,983691672;43,59145833;0,3788;0,13;29;0,377;56,6928;1045;Macho
174;2018;13/11/2018;3;41;-6,983691672;43,59145833;0,3788;0,13;29;0,377;56,6928;930;Macho
175;2018;13/11/2018;3;41;-6,983691672;43,59145833;0,3788;0,13;29;0,377;56,6928;3300;Hembra
176;2018;13/11/2018;3;41;-6,983691672;43,59145833;0,3788;0,13;29;0,377;56,6928;950;Macho
177;2018;13/11/2018;3;41;-6,983691672;43,59145833;0,3788;0,13;29;0,377;56,6928;950;Macho
178;2018;13/11/2018;3;41;-6,983691672;43,59145833;0,3788;0,13;29;0,377;56,6928;930;Macho
179;2018;13/11/2018;3;41;-6,983691672;43,59145833;0,3788;0,13;29;0,377;56,6928;525;Hembra
180;2018;13/11/2018;4;42;-6,982708328;43,60379167;0,3913;0,14;34;0,465;78,08976;745;Macho
181;2018;13/11/2018;4;42;-6,982708328;43,60379167;0,3913;0,14;34;0,465;78,08976;770;Macho
182;2018;13/11/2018;4;42;-6,982708328;43,60379167;0,3913;0,14;34;0,465;78,08976;110;Macho
183;2018;13/11/2018;4;42;-6,982708328;43,60379167;0,3913;0,14;34;0,465;78,08976;1670;Indeterminado
184;2018;13/11/2018;4;42;-6,982708328;43,60379167;0,3913;0,14;34;0,465;78,08976;695;Hembra
185;2018;13/11/2018;4;42;-6,982708328;43,60379167;0,3913;0,14;34;0,465;78,08976;745;Hembra
186;2018;13/11/2018;4;42;-6,982708328;43,60379167;0,3913;0,14;34;0,465;78,08976;930;Hembra
187;2018;13/11/2018;4;42;-6,982708328;43,60379167;0,3913;0,14;34;0,465;78,08976;540;Hembra
188;2018;13/11/2018;4;42;-6,982708328;43,60379167;0,3913;0,14;34;0,465;78,08976;425;Hembra
189;2018;13/11/2018;4;42;-6,982708328;43,60379167;0,3913;0,14;34;0,465;78,08976;640;Macho
190;2018;13/11/2018;4;42;-6,982708328;43,60379167;0,3913;0,14;34;0,465;78,08976;890;Hembra
191;2018;13/11/2018;5;43;-6,978950012;43,61214167;0,4021;0,14;34;0,489;93,2688;520;Hembra
192;2018;13/11/2018;5;43;-6,978950012;43,61214167;0,4021;0,14;34;0,489;93,2688;530;Macho
193;2018;13/11/2018;5;43;-6,978950012;43,61214167;0,4021;0,14;34;0,489;93,2688;485;Macho
194;2018;13/11/2018;5;43;-6,978950012;43,61214167;0,4021;0,14;34;0,489;93,2688;250;Macho
195;2018;13/11/2018;5;43;-6,978950012;43,61214167;0,4021;0,14;34;0,489;93,2688;465;Macho
196;2018;13/11/2018;5;43;-6,978950012;43,61214167;0,4021;0,14;34;0,489;93,2688;760;Macho
197;2018;13/11/2018;5;43;-6,978950012;43,61214167;0,4021;0,14;34;0,489;93,2688;105;Hembra
198;2018;13/11/2018;5;43;-6,978950012;43,61214167;0,4021;0,14;34;0,489;93,2688;980;Hembra
199;2018;13/11/2018;5;43;-6,978950012;43,61214167;0,4021;0,14;34;0,489;93,2688;1170;Hembra
200;2018;13/11/2018;5;43;-6,978950012;43,61214167;0,4021;0,14;34;0,489;93,2688;1670;Macho
201;2018;13/11/2018;6;44;-6,977374998;43,622325;0,4163;0,15;35;0,532;106,9848;1460;Hembra
202;2018;13/11/2018;6;44;-6,977374998;43,622325;0,4163;0,15;35;0,532;106,9848;2400;Macho
203;2018;13/11/2018;6;44;-6,977374998;43,622325;0,4163;0,15;35;0,532;106,9848;350;Hembra
204;2018;13/11/2018;6;44;-6,977374998;43,622325;0,4163;0,15;35;0,532;106,9848;200;Hembra
205;2018;13/11/2018;6;44;-6,977374998;43,622325;0,4163;0,15;35;0,532;106,9848;50;Hembra
206;2018;13/11/2018;6;44;-6,977374998;43,622325;0,4163;0,15;35;0,532;106,9848;330;Hembra
207;2018;13/11/2018;6;44;-6,977374998;43,622325;0,4163;0,15;35;0,532;106,9848;1130;Hembra
208;2018;13/11/2018;6;44;-6,977374998;43,622325;0,4163;0,15;35;0,532;106,9848;980;Hembra
209;2018;13/11/2018;6;44;-6,977374998;43,622325;0,4163;0,15;35;0,532;106,9848;1170;Macho
210;2018;13/11/2018;6;44;-6,977374998;43,622325;0,4163;0,15;35;0,532;106,9848;105;Hembra
211;2018;13/11/2018;6;44;-6,977374998;43,622325;0,4163;0,15;35;0,532;106,9848;1780;Hembra
212;2018;13/11/2018;6;44;-6,977374998;43,622325;0,4163;0,15;35;0,532;106,9848;200;Macho
213;2018;14/11/2018;1;45;-6,880474998;43,62975;0,3608;0,13;35;0,452;100,584;870;Macho
214;2018;14/11/2018;1;45;-6,880474998;43,62975;0,3608;0,13;35;0,452;100,584;685;Macho
215;2018;14/11/2018;2;46;-6,876500004;43,61939167;0,3729;0,14;34;0,472;87,7824;1270;Hembra
216;2018;14/11/2018;2;46;-6,876500004;43,61939167;0,3729;0,14;34;0,472;87,7824;1830;Macho
217;2018;14/11/2018;2;46;-6,876500004;43,61939167;0,3729;0,14;34;0,472;87,7824;455;Hembra
218;2018;14/11/2018;2;46;-6,876500004;43,61939167;0,3729;0,14;34;0,472;87,7824;825;Hembra
219;2018;14/11/2018;3;47;-6,875508331;43,60605833;0,3865;0,15;34;0,493;74,9808;570;Hembra
220;2018;14/11/2018;3;47;-6,875508331;43,60605833;0,3865;0,15;34;0,493;74,9808;580;Indeterminado
221;2018;14/11/2018;3;47;-6,875508331;43,60605833;0,3865;0,15;34;0,493;74,9808;675;Macho
222;2018;14/11/2018;3;47;-6,875508331;43,60605833;0,3865;0,15;34;0,493;74,9808;735;Hembra
223;2018;14/11/2018;3;47;-6,875508331;43,60605833;0,3865;0,15;34;0,493;74,9808;815;Hembra
224;2018;14/11/2018;3;47;-6,875508331;43,60605833;0,3865;0,15;34;0,493;74,9808;620;Macho
225;2018;14/11/2018;3;47;-6,875508331;43,60605833;0,3865;0,15;34;0,493;74,9808;1005;Macho
226;2018;14/11/2018;3;47;-6,875508331;43,60605833;0,3865;0,15;34;0,493;74,9808;1850;Macho
227;2018;14/11/2018;4;48;-6,871675003;43,59451667;0,4017;0,16;29;0,469;58,5216;1070;Indeterminado
228;2018;14/11/2018;4;48;-6,871675003;43,59451667;0,4017;0,16;29;0,469;58,5216;975;Macho
229;2018;14/11/2018;4;48;-6,871675003;43,59451667;0,4017;0,16;29;0,469;58,5216;1250;Macho
230;2018;14/11/2018;4;48;-6,871675003;43,59451667;0,4017;0,16;29;0,469;58,5216;860;Hembra
231;2018;14/11/2018;4;48;-6,871675003;43,59451667;0,4017;0,16;29;0,469;58,5216;560;Hembra
232;2018;14/11/2018;4;48;-6,871675003;43,59451667;0,4017;0,16;29;0,469;58,5216;860;Macho
233;2018;14/11/2018;4;48;-6,871675003;43,59451667;0,4017;0,16;29;0,469;58,5216;1345;Macho
234;2018;14/11/2018;5;49;-6,870350002;43,5863;0,4128;0,17;29;0,497;38,4048;1680;Macho
235;2018;14/11/2018;5;49;-6,870350002;43,5863;0,4128;0,17;29;0,497;38,4048;710;Hembra
236;2018;14/11/2018;5;49;-6,870350002;43,5863;0,4128;0,17;29;0,497;38,4048;530;Macho
237;2018;14/11/2018;5;49;-6,870350002;43,5863;0,4128;0,17;29;0,497;38,4048;540;Hembra
238;2018;14/11/2018;5;49;-6,870350002;43,5863;0,4128;0,17;29;0,497;38,4048;1235;Hembra
239;2018;14/11/2018;5;49;-6,870350002;43,5863;0,4128;0,17;29;0,497;38,4048;955;Hembra
240;2018;14/11/2018;5;49;-6,870350002;43,5863;0,4128;0,17;29;0,497;38,4048;1120;Hembra
241;2018;14/11/2018;5;49;-6,870350002;43,5863;0,4128;0,17;29;0,497;38,4048;1430;Macho
242;2018;14/11/2018;6;50;-6,864024998;43,57466667;0,4236;0,18;30;0,540;21,9456;265;Hembra
243;2018;14/11/2018;6;50;-6,864024998;43,57466667;0,4236;0,18;30;0,540;21,9456;655;Macho
244;2018;14/11/2018;6;50;-6,864024998;43,57466667;0,4236;0,18;30;0,540;21,9456;945;Macho
245;2018;14/11/2018;6;50;-6,864024998;43,57466667;0,4236;0,18;30;0,540;21,9456;680;Hembra
246;2018;14/11/2018;6;50;-6,864024998;43,57466667;0,4236;0,18;30;0,540;21,9456;770;Macho
247;2018;14/11/2018;6;50;-6,864024998;43,57466667;0,4236;0,18;30;0,540;21,9456;765;Macho
248;2018;15/11/2018;1;51;-6,989466678;43,57091667;0,3524;0,12;29;0,342;20,1168;1875;Macho
249;2018;15/11/2018;1;51;-6,989466678;43,57091667;0,3524;0,12;29;0,342;20,1168;1180;Hembra
250;2018;15/11/2018;1;51;-6,989466678;43,57091667;0,3524;0,12;29;0,342;20,1168;3340;Macho
251;2018;15/11/2018;1;51;-6,989466678;43,57091667;0,3524;0,12;29;0,342;20,1168;940;Macho
252;2018;15/11/2018;1;51;-6,989466678;43,57091667;0,3524;0,12;29;0,342;20,1168;1315;Macho
253;2018;15/11/2018;1;51;-6,989466678;43,57091667;0,3524;0,12;29;0,342;20,1168;650;Macho
254;2018;15/11/2018;1;51;-6,989466678;43,57091667;0,3524;0,12;29;0,342;20,1168;1020;Hembra
255;2018;15/11/2018;1;51;-6,989466678;43,57091667;0,3524;0,12;29;0,342;20,1168;1360;Macho
256;2018;15/11/2018;1;51;-6,989466678;43,57091667;0,3524;0,12;29;0,342;20,1168;1170;Hembra
257;2018;15/11/2018;2;52;-7,00565833;43,57695;0,3625;0,13;30;0,388;42,0624;1835;Macho
258;2018;15/11/2018;2;52;-7,00565833;43,57695;0,3625;0,13;30;0,388;42,0624;1180;Macho
259;2018;15/11/2018;2;52;-7,00565833;43,57695;0,3625;0,13;30;0,388;42,0624;900;Hembra
260;2018;15/11/2018;2;52;-7,00565833;43,57695;0,3625;0,13;30;0,388;42,0624;840;Hembra
261;2018;15/11/2018;3;53;-6,995250002;43,63008333;0,3906;0,14;29;0,403;109,728;10;Hembra
262;2018;15/11/2018;3;53;-6,995250002;43,63008333;0,3906;0,14;29;0,403;109,728;10;Hembra
263;2018;15/11/2018;3;53;-6,995250002;43,63008333;0,3906;0,14;29;0,403;109,728;35;Hembra
264;2018;15/11/2018;4;54;-6,983058329;43,63088333;0,4024;0,15;34;0,510;109,728;115;Hembra
265;2018;15/11/2018;4;54;-6,983058329;43,63088333;0,4024;0,15;34;0,510;109,728;55;Hembra
266;2018;15/11/2018;4;54;-6,983058329;43,63088333;0,4024;0,15;34;0,510;109,728;510;Macho
267;2018;15/11/2018;4;54;-6,983058329;43,63088333;0,4024;0,15;34;0,510;109,728;950;Macho
268;2018;15/11/2018;5;55;-7,000133337;43,63331667;0,4132;0,16;34;0,555;109,728;55;Hembra
269;2018;15/11/2018;5;55;-7,000133337;43,63331667;0,4132;0,16;34;0,555;109,728;575;Macho
270;2018;15/11/2018;5;55;-7,000133337;43,63331667;0,4132;0,16;34;0,555;109,728;1260;Macho
271;2018;15/11/2018;5;55;-7,000133337;43,63331667;0,4132;0,16;34;0,555;109,728;340;Hembra
272;2018;15/11/2018;6;56;-6,999116668;43,63888333;0,4253;0,17;35;0,595;111,5568;60;Hembra
273;2018;15/11/2018;6;56;-6,999116668;43,63888333;0,4253;0,17;35;0,595;111,5568;1145;Macho
274;2018;15/11/2018;6;56;-6,999116668;43,63888333;0,4253;0,17;35;0,595;111,5568;980;Macho
275;2018;15/11/2018;6;56;-6,999116668;43,63888333;0,4253;0,17;35;0,595;111,5568;65;Hembra
276;2018;15/11/2018;6;56;-6,999116668;43,63888333;0,4253;0,17;35;0,595;111,5568;40;Hembra
277;2018;15/11/2018;6;56;-6,999116668;43,63888333;0,4253;0,17;35;0,595;111,5568;40;Hembra
278;2018;15/11/2018;6;56;-6,999116668;43,63888333;0,4253;0,17;35;0,595;111,5568;95;Hembra
279;2018;15/11/2018;6;56;-6,999116668;43,63888333;0,4253;0,17;35;0,595;111,5568;155;Hembra
280;2018;15/11/2018;6;56;-6,999116668;43,63888333;0,4253;0,17;35;0,595;111,5568;125;Macho
281;2018;15/11/2018;6;56;-6,999116668;43,63888333;0,4253;0,17;35;0,595;111,5568;1425;Macho
282;2019;22/10/2019;1;57;-6,948633332;43,63224167;0,4497;0,121527778;30;0,365;107,53344;420;Hembra
283;2019;22/10/2019;1;57;-6,948633332;43,63224167;0,4497;0,121527778;30;0,365;107,53344;700;Macho
284;2019;22/10/2019;1;57;-6,948633332;43,63224167;0,4497;0,121527778;30;0,365;107,53344;550;Macho
285;2019;22/10/2019;1;57;-6,948633332;43,63224167;0,4497;0,121527778;30;0,365;107,53344;130;Indeterminado
286;2019;22/10/2019;1;57;-6,948633332;43,63224167;0,4497;0,121527778;30;0,365;107,53344;870;Hembra
287;2019;22/10/2019;2;58;-6,943383329;43,63595;0,4642;0,125694444;30;0,377;107,16768;330;Macho
288;2019;22/10/2019;2;58;-6,943383329;43,63595;0,4642;0,125694444;30;0,377;107,16768;890;Hembra
289;2019;22/10/2019;2;58;-6,943383329;43,63595;0,4642;0,125694444;30;0,377;107,16768;490;Hembra
290;2019;22/10/2019;2;58;-6,943383329;43,63595;0,4642;0,125694444;30;0,377;107,16768;980;Hembra
291;2019;22/10/2019;2;58;-6,943383329;43,63595;0,4642;0,125694444;30;0,377;107,16768;680;Macho
292;2019;22/10/2019;2;58;-6,943383329;43,63595;0,4642;0,125694444;30;0,377;107,16768;1680;Macho
293;2019;22/10/2019;2;58;-6,943383329;43,63595;0,4642;0,125694444;30;0,377;107,16768;540;Hembra
294;2019;22/10/2019;2;58;-6,943383329;43,63595;0,4642;0,125694444;30;0,377;107,16768;510;Macho
295;2019;22/10/2019;2;58;-6,943383329;43,63595;0,4642;0,125694444;30;0,377;107,16768;380;Macho
296;2019;22/10/2019;3;59;-6,933000004;43,5968;0,4882;0,133333333;30;0,400;68,03136;650;Macho
297;2019;22/10/2019;3;59;-6,933000004;43,5968;0,4882;0,133333333;30;0,400;68,03136;550;Macho
298;2019;22/10/2019;3;59;-6,933000004;43,5968;0,4882;0,133333333;30;0,400;68,03136;1030;Hembra
299;2019;22/10/2019;3;59;-6,933000004;43,5968;0,4882;0,133333333;30;0,400;68,03136;510;Macho
300;2019;22/10/2019;4;60;-6,935875002;43,59889167;0,4993;0,134722222;10;0,135;73,51776;350;Hembra
301;2019;22/10/2019;4;60;-6,935875002;43,59889167;0,4993;0,134722222;10;0,135;73,51776;1320;Macho
302;2019;22/10/2019;5;61;-6,923041668;43,58458333;0,5115;0,139583333;30;0,419;34,56432;750;Macho
303;2019;22/10/2019;5;61;-6,923041668;43,58458333;0,5115;0,139583333;30;0,419;34,56432;890;Hembra
304;2019;22/10/2019;6;62;-6,928700003;43,57899167;0,5236;0,149305556;30;0,448;21,39696;2220;Hembra
305;2019;22/10/2019;6;62;-6,928700003;43,57899167;0,5236;0,149305556;30;0,448;21,39696;720;Hembra
306;2019;22/10/2019;6;62;-6,928700003;43,57899167;0,5236;0,149305556;30;0,448;21,39696;1160;Macho
307;2019;22/10/2019;6;62;-6,928700003;43,57899167;0,5236;0,149305556;30;0,448;21,39696;1710;Hembra
308;2019;22/10/2019;6;62;-6,928700003;43,57899167;0,5236;0,149305556;30;0,448;21,39696;390;Macho
309;2019;22/10/2019;6;62;-6,928700003;43,57899167;0,5236;0,149305556;30;0,448;21,39696;1310;Hembra
310;2019;25/10/2019;1;63;-6,998708333;43,566;0,4073;0,134027778;30;0,402;18,288;490;Hembra
311;2019;25/10/2019;1;63;-6,998708333;43,566;0,4073;0,134027778;30;0,402;18,288;710;Macho
312;2019;25/10/2019;1;63;-6,998708333;43,566;0,4073;0,134027778;30;0,402;18,288;490;Macho
313;2019;25/10/2019;1;63;-6,998708333;43,566;0,4073;0,134027778;30;0,402;18,288;770;Macho
314;2019;25/10/2019;1;63;-6,998708333;43,566;0,4073;0,134027778;30;0,402;18,288;560;Hembra
315;2019;25/10/2019;1;63;-6,998708333;43,566;0,4073;0,134027778;30;0,402;18,288;380;Macho
316;2019;25/10/2019;1;63;-6,998708333;43,566;0,4073;0,134027778;30;0,402;18,288;640;Macho
317;2019;25/10/2019;1;63;-6,998708333;43,566;0,4073;0,134027778;30;0,402;18,288;1195;Macho
318;2019;25/10/2019;1;63;-6,998708333;43,566;0,4073;0,134027778;30;0,402;18,288;925;Macho
319;2019;25/10/2019;1;63;-6,998708333;43,566;0,4073;0,134027778;30;0,402;18,288;590;Macho
320;2019;25/10/2019;1;63;-6,998708333;43,566;0,4073;0,134027778;30;0,402;18,288;1920;Macho
321;2019;25/10/2019;1;63;-6,998708333;43,566;0,4073;0,134027778;30;0,402;18,288;1000;Hembra
322;2019;25/10/2019;1;63;-6,998708333;43,566;0,4073;0,134027778;30;0,402;18,288;520;Hembra
323;2019;25/10/2019;1;63;-6,998708333;43,566;0,4073;0,134027778;30;0,402;18,288;870;Macho
324;2019;25/10/2019;1;63;-6,998708333;43,566;0,4073;0,134027778;30;0,402;18,288;1190;Hembra
325;2019;25/10/2019;1;63;-6,998708333;43,566;0,4073;0,134027778;30;0,402;18,288;760;Hembra
326;2019;25/10/2019;2;64;-6,995866664;43,570925;0,4240;0,127777778;30;0,383;24,87168;1690;Macho
327;2019;25/10/2019;2;64;-6,995866664;43,570925;0,4240;0,127777778;30;0,383;24,87168;890;Macho
328;2019;25/10/2019;2;64;-6,995866664;43,570925;0,4240;0,127777778;30;0,383;24,87168;800;Hembra
329;2019;25/10/2019;2;64;-6,995866664;43,570925;0,4240;0,127777778;30;0,383;24,87168;1130;Macho
330;2019;25/10/2019;2;64;-6,995866664;43,570925;0,4240;0,127777778;30;0,383;24,87168;1235;Hembra
331;2019;25/10/2019;2;64;-6,995866664;43,570925;0,4240;0,127777778;30;0,383;24,87168;1200;Indeterminado
332;2019;25/10/2019;3;65;-7,000208336;43,587925;0,4344;0,142361111;30;0,427;54,864;510;Macho
333;2019;25/10/2019;4;66;-7,012266663;43,59431667;0,4455;0,151388889;30;0,454;71,14032;840;Hembra
334;2019;25/10/2019;4;66;-7,012266663;43,59431667;0,4455;0,151388889;30;0,454;71,14032;530;Indeterminado
335;2019;25/10/2019;4;66;-7,012266663;43,59431667;0,4455;0,151388889;30;0,454;71,14032;575;Macho
336;2019;25/10/2019;5;67;-7,000599994;43,630125;0,4809;0,185416667;30;0,556;108,08208;680;Macho
337;2019;25/10/2019;5;67;-7,000599994;43,630125;0,4809;0,185416667;30;0,556;108,08208;660;Hembra
338;2019;25/10/2019;5;67;-7,000599994;43,630125;0,4809;0,185416667;30;0,556;108,08208;1035;Macho
339;2019;25/10/2019;5;67;-7,000599994;43,630125;0,4809;0,185416667;30;0,556;108,08208;570;Hembra
340;2019;25/10/2019;5;67;-7,000599994;43,630125;0,4809;0,185416667;30;0,556;108,08208;690;Hembra
341;2019;25/10/2019;5;67;-7,000599994;43,630125;0,4809;0,185416667;30;0,556;108,08208;840;Hembra
342;2019;25/10/2019;6;68;-7,006124996;43,63925833;0,4767;0,156944444;30;0,471;112,4712;1205;Macho
343;2019;25/10/2019;6;68;-7,006124996;43,63925833;0,4767;0,156944444;30;0,471;112,4712;670;Macho
344;2019;25/10/2019;6;68;-7,006124996;43,63925833;0,4767;0,156944444;30;0,471;112,4712;160;Hembra
345;2019;19/11/2019;1;69;-6,978499996;43,63246667;0,4875;0,277777778;30;0,833;108,44784;530;Hembra
346;2019;19/11/2019;1;69;-6,978499996;43,63246667;0,4875;0,277777778;30;0,833;108,44784;800;Macho
347;2019;19/11/2019;1;69;-6,978499996;43,63246667;0,4875;0,277777778;30;0,833;108,44784;130;Hembra
348;2019;19/11/2019;1;69;-6,978499996;43,63246667;0,4875;0,277777778;30;0,833;108,44784;1970;Macho
349;2019;19/11/2019;1;69;-6,978499996;43,63246667;0,4875;0,277777778;30;0,833;108,44784;230;Hembra
350;2019;19/11/2019;1;69;-6,978499996;43,63246667;0,4875;0,277777778;30;0,833;108,44784;810;Hembra
351;2019;19/11/2019;2;70;-6,965416664;43,6204;0,4778;0,245138889;30;0,735;104,2416;880;Macho
352;2019;19/11/2019;2;70;-6,965416664;43,6204;0,4778;0,245138889;30;0,735;104,2416;1250;Macho
353;2019;19/11/2019;2;70;-6,965416664;43,6204;0,4778;0,245138889;30;0,735;104,2416;560;Macho
354;2019;19/11/2019;2;70;-6,965416664;43,6204;0,4778;0,245138889;30;0,735;104,2416;575;Hembra
355;2019;19/11/2019;2;70;-6,965416664;43,6204;0,4778;0,245138889;30;0,735;104,2416;510;Hembra
356;2019;19/11/2019;2;70;-6,965416664;43,6204;0,4778;0,245138889;30;0,735;104,2416;405;Macho
357;2019;19/11/2019;2;70;-6,965416664;43,6204;0,4778;0,245138889;30;0,735;104,2416;1290;Hembra
358;2019;19/11/2019;2;70;-6,965416664;43,6204;0,4778;0,245138889;30;0,735;104,2416;1660;Macho
359;2019;19/11/2019;2;70;-6,965416664;43,6204;0,4778;0,245138889;30;0,735;104,2416;410;Hembra
360;2019;19/11/2019;2;70;-6,965416664;43,6204;0,4778;0,245138889;30;0,735;104,2416;415;Macho
361;2019;19/11/2019;3;71;-6,968308334;43,600325;0,4722;0,213194444;30;0,640;76,8096;980;Macho
362;2019;19/11/2019;3;71;-6,968308334;43,600325;0,4722;0,213194444;30;0,640;76,8096;595;Hembra
363;2019;19/11/2019;3;71;-6,968308334;43,600325;0,4722;0,213194444;30;0,640;76,8096;790;Macho
364;2019;19/11/2019;3;71;-6,968308334;43,600325;0,4722;0,213194444;30;0,640;76,8096;923;Macho
365;2019;19/11/2019;3;71;-6,968308334;43,600325;0,4722;0,213194444;30;0,640;76,8096;675;Hembra
366;2019;19/11/2019;3;71;-6,968308334;43,600325;0,4722;0,213194444;30;0,640;76,8096;785;Hembra
367;2019;19/11/2019;3;71;-6,968308334;43,600325;0,4722;0,213194444;30;0,640;76,8096;600;Hembra
368;2019;19/11/2019;4;72;-6,978933345;43,58965;0,4681;0,186111111;30;0,558;56,6928;580;Macho
369;2019;19/11/2019;4;72;-6,978933345;43,58965;0,4681;0,186111111;30;0,558;56,6928;310;Hembra
370;2019;19/11/2019;4;72;-6,978933345;43,58965;0,4681;0,186111111;30;0,558;56,6928;785;Macho
371;2019;19/11/2019;4;72;-6,978933345;43,58965;0,4681;0,186111111;30;0,558;56,6928;865;Macho
372;2019;19/11/2019;4;72;-6,978933345;43,58965;0,4681;0,186111111;30;0,558;56,6928;880;Hembra
373;2019;19/11/2019;4;72;-6,978933345;43,58965;0,4681;0,186111111;30;0,558;56,6928;660;Hembra
374;2019;19/11/2019;4;72;-6,978933345;43,58965;0,4681;0,186111111;30;0,558;56,6928;570;Macho
375;2019;19/11/2019;4;72;-6,978933345;43,58965;0,4681;0,186111111;30;0,558;56,6928;2315;Macho
376;2019;19/11/2019;4;72;-6,978933345;43,58965;0,4681;0,186111111;30;0,558;56,6928;2010;Macho
377;2019;19/11/2019;4;72;-6,978933345;43,58965;0,4681;0,186111111;30;0,558;56,6928;1165;Macho
378;2019;19/11/2019;4;72;-6,978933345;43,58965;0,4681;0,186111111;30;0,558;56,6928;690;Macho
379;2019;19/11/2019;5;73;-6,96966667;43,581925;0,4649;0,159722222;30;0,479;36,02736;2300;Hembra
380;2019;19/11/2019;6;74;-6,97044167;43,57360833;0,4646;0,132638889;30;0,398;20,1168;4080;Hembra
381;2019;19/11/2019;6;74;-6,97044167;43,57360833;0,4646;0,132638889;30;0,398;20,1168;425;Hembra
382;2019;19/11/2019;6;74;-6,97044167;43,57360833;0,4646;0,132638889;30;0,398;20,1168;795;Hembra
383;2019;19/11/2019;6;74;-6,97044167;43,57360833;0,4646;0,132638889;30;0,398;20,1168;630;Macho
384;2019;19/11/2019;6;74;-6,97044167;43,57360833;0,4646;0,132638889;30;0,398;20,1168;2085;Hembra
385;2019;19/11/2019;6;74;-6,97044167;43,57360833;0,4646;0,132638889;30;0,398;20,1168;605;Macho
386;2019;19/11/2019;6;74;-6,97044167;43,57360833;0,4646;0,132638889;30;0,398;20,1168;885;Macho
387;2019;19/11/2019;6;74;-6,97044167;43,57360833;0,4646;0,132638889;30;0,398;20,1168;780;Macho
388;2019;19/11/2019;6;74;-6,97044167;43,57360833;0,4646;0,132638889;30;0,398;20,1168;740;Macho
389;2019;29/11/2019;1;75;-7,017216658;43,6294;0,4010;0,1375;30;0,413;106,0704;825;Macho
390;2019;29/11/2019;1;75;-7,017216658;43,6294;0,4010;0,1375;30;0,413;106,0704;720;Macho
391;2019;29/11/2019;1;75;-7,017216658;43,6294;0,4010;0,1375;30;0,413;106,0704;705;Macho
392;2019;29/11/2019;1;75;-7,017216658;43,6294;0,4010;0,1375;30;0,413;106,0704;590;Macho
393;2019;29/11/2019;1;75;-7,017216658;43,6294;0,4010;0,1375;30;0,413;106,0704;905;Hembra
394;2019;29/11/2019;1;75;-7,017216658;43,6294;0,4010;0,1375;30;0,413;106,0704;225;Hembra
395;2019;29/11/2019;1;75;-7,017216658;43,6294;0,4010;0,1375;30;0,413;106,0704;410;Hembra
396;2019;29/11/2019;1;75;-7,017216658;43,6294;0,4010;0,1375;30;0,413;106,0704;1005;Macho
397;2019;29/11/2019;1;75;-7,017216658;43,6294;0,4010;0,1375;30;0,413;106,0704;835;Indeterminado
398;2019;29/11/2019;1;75;-7,017216658;43,6294;0,4010;0,1375;30;0,413;106,0704;520;Macho
399;2019;29/11/2019;1;75;-7,017216658;43,6294;0,4010;0,1375;30;0,413;106,0704;745;Macho
400;2019;29/11/2019;3;76;-7,014775021;43,58586667;0,4431;0,15625;30;0,469;64,008;600;Macho
401;2019;29/11/2019;3;76;-7,014775021;43,58586667;0,4431;0,15625;30;0,469;64,008;890;Hembra
402;2019;29/11/2019;3;76;-7,014775021;43,58586667;0,4431;0,15625;30;0,469;64,008;395;Macho
403;2019;29/11/2019;3;76;-7,014775021;43,58586667;0,4431;0,15625;30;0,469;64,008;520;Macho
404;2019;29/11/2019;4;77;-7,021374997;43,58246667;0,4611;0,184027778;30;0,552;54,864;870;Hembra
405;2019;29/11/2019;4;77;-7,021374997;43,58246667;0,4611;0,184027778;30;0,552;54,864;310;Hembra
406;2019;29/11/2019;4;77;-7,021374997;43,58246667;0,4611;0,184027778;30;0,552;54,864;580;Macho
407;2019;29/11/2019;4;77;-7,021374997;43,58246667;0,4611;0,184027778;30;0,552;54,864;2250;Macho
408;2019;29/11/2019;4;77;-7,021374997;43,58246667;0,4611;0,184027778;30;0,552;54,864;1535;Hembra
409;2019;29/11/2019;4;77;-7,021374997;43,58246667;0,4611;0,184027778;30;0,552;54,864;690;Macho
410;2019;29/11/2019;4;77;-7,021374997;43,58246667;0,4611;0,184027778;30;0,552;54,864;1405;Hembra
411;2019;29/11/2019;4;77;-7,021374997;43,58246667;0,4611;0,184027778;30;0,552;54,864;435;Hembra
412;2019;29/11/2019;4;77;-7,021374997;43,58246667;0,4611;0,184027778;30;0,552;54,864;565;Macho
413;2019;29/11/2019;4;77;-7,021374997;43,58246667;0,4611;0,184027778;30;0,552;54,864;710;Hembra
414;2019;29/11/2019;5;78;-7,011899998;43,57261667;0,4826;0,197916667;30;0,594;29,2608;915;Macho
415;2019;29/11/2019;5;78;-7,011899998;43,57261667;0,4826;0,197916667;30;0,594;29,2608;630;Hembra
416;2019;29/11/2019;5;78;-7,011899998;43,57261667;0,4826;0,197916667;30;0,594;29,2608;1180;Macho
417;2019;29/11/2019;5;78;-7,011899998;43,57261667;0,4826;0,197916667;30;0,594;29,2608;755;Macho
418;2019;29/11/2019;5;78;-7,011899998;43,57261667;0,4826;0,197916667;30;0,594;29,2608;680;Hembra
419;2019;29/11/2019;5;78;-7,011899998;43,57261667;0,4826;0,197916667;30;0,594;29,2608;485;Hembra
420;2019;29/11/2019;5;78;-7,011899998;43,57261667;0,4826;0,197916667;30;0,594;29,2608;1350;Macho
421;2019;29/11/2019;5;78;-7,011899998;43,57261667;0,4826;0,197916667;30;0,594;29,2608;1180;Hembra
422;2019;29/11/2019;5;78;-7,011899998;43,57261667;0,4826;0,197916667;30;0,594;29,2608;360;Macho
423;2019;29/11/2019;6;79;-7,013550006;43,56296667;0,4941;0,209027778;30;0,627;14,6304;560;Macho
424;2019;29/11/2019;6;79;-7,013550006;43,56296667;0,4941;0,209027778;30;0,627;14,6304;1820;Macho
425;2019;29/11/2019;6;79;-7,013550006;43,56296667;0,4941;0,209027778;30;0,627;14,6304;830;Hembra
426;2019;29/11/2019;6;79;-7,013550006;43,56296667;0,4941;0,209027778;30;0,627;14,6304;940;Macho
427;2019;29/11/2019;6;79;-7,013550006;43,56296667;0,4941;0,209027778;30;0,627;14,6304;740;Hembra
428;2019;29/11/2019;6;79;-7,013550006;43,56296667;0,4941;0,209027778;30;0,627;14,6304;715;Macho
429;2019;29/11/2019;6;79;-7,013550006;43,56296667;0,4941;0,209027778;30;0,627;14,6304;505;Hembra
430;2019;29/11/2019;6;79;-7,013550006;43,56296667;0,4941;0,209027778;30;0,627;14,6304;960;Hembra
431;2019;29/11/2019;6;79;-7,013550006;43,56296667;0,4941;0,209027778;30;0,627;14,6304;535;Hembra
432;2019;29/11/2019;6;79;-7,013550006;43,56296667;0,4941;0,209027778;30;0,627;14,6304;760;Macho
433;2019;29/11/2019;6;79;-7,013550006;43,56296667;0,4941;0,209027778;30;0,627;14,6304;720;Hembra
434;2019;29/11/2019;7;80;-7,025;43,63845;0,5663;0,159027778;30;0,477;109,728;880;Hembra
435;2019;29/11/2019;9;81;-7,023924993;43,5855;0,6122;0,140277778;30;0,421;58,5216;1920;Macho
436;2019;29/11/2019;9;81;-7,023924993;43,5855;0,6122;0,140277778;30;0,421;58,5216;465;Hembra
437;2019;29/11/2019;9;81;-7,023924993;43,5855;0,6122;0,140277778;30;0,421;58,5216;1180;Macho
438;2019;29/11/2019;9;81;-7,023924993;43,5855;0,6122;0,140277778;30;0,421;58,5216;780;Macho
439;2019;29/11/2019;10;82;-7,000725001;43,5908;0,6351;0,13125;30;0,394;58,5216;860;Macho
440;2019;29/11/2019;11;83;-7,010750004;43,57235;0,6569;0,125;30;0,375;32,004;885;Indeterminado
441;2019;29/11/2019;11;83;-7,010750004;43,57235;0,6569;0,125;30;0,375;32,004;830;Hembra
442;2019;29/11/2019;12;84;-7,00259167;43,5675;0,6736;0,118055556;30;0,354;20,1168;665;Macho
443;2019;29/11/2019;12;84;-7,00259167;43,5675;0,6736;0,118055556;30;0,354;20,1168;1095;Hembra
444;2019;04/12/2019;1;85;-6,930691667;43,58173333;0,4497;0,267361111;30;0,802;27,432;2890;Macho
445;2019;04/12/2019;1;85;-6,930691667;43,58173333;0,4497;0,267361111;30;0,802;27,432;560;Macho
446;2019;04/12/2019;1;85;-6,930691667;43,58173333;0,4497;0,267361111;30;0,802;27,432;885;Hembra
447;2019;04/12/2019;1;85;-6,930691667;43,58173333;0,4497;0,267361111;30;0,802;27,432;445;Hembra
448;2019;04/12/2019;1;85;-6,930691667;43,58173333;0,4497;0,267361111;30;0,802;27,432;810;Macho
449;2019;04/12/2019;1;85;-6,930691667;43,58173333;0,4497;0,267361111;30;0,802;27,432;725;Hembra
450;2019;04/12/2019;1;85;-6,930691667;43,58173333;0,4497;0,267361111;30;0,802;27,432;1065;Hembra
451;2019;04/12/2019;1;85;-6,930691667;43,58173333;0,4497;0,267361111;30;0,802;27,432;1430;Macho
452;2019;04/12/2019;1;85;-6,930691667;43,58173333;0,4497;0,267361111;30;0,802;27,432;1345;Hembra
453;2019;04/12/2019;1;85;-6,930691667;43,58173333;0,4497;0,267361111;30;0,802;27,432;850;Hembra
454;2019;04/12/2019;2;86;-6,939024997;43,59084167;0,4497;0,2375;30;0,713;25,6032;520;Hembra
455;2019;04/12/2019;2;86;-6,939024997;43,59084167;0,4497;0,2375;30;0,713;25,6032;950;Hembra
456;2019;04/12/2019;2;86;-6,939024997;43,59084167;0,4497;0,2375;30;0,713;25,6032;3300;Macho
457;2019;04/12/2019;2;86;-6,939024997;43,59084167;0,4497;0,2375;30;0,713;25,6032;1980;Hembra
458;2019;04/12/2019;2;86;-6,939024997;43,59084167;0,4497;0,2375;30;0,713;25,6032;1230;Macho
459;2019;04/12/2019;2;86;-6,939024997;43,59084167;0,4497;0,2375;30;0,713;25,6032;1160;Macho
460;2019;04/12/2019;2;86;-6,939024997;43,59084167;0,4497;0,2375;30;0,713;25,6032;1110;Indeterminado
461;2019;04/12/2019;2;86;-6,939024997;43,59084167;0,4497;0,2375;30;0,713;25,6032;435;Hembra
462;2019;04/12/2019;3;87;-6,928800004;43,59968333;0,4431;0,195833333;30;0,588;72,96912;555;Macho
463;2019;04/12/2019;3;87;-6,928800004;43,59968333;0,4431;0,195833333;30;0,588;72,96912;685;Hembra
464;2019;04/12/2019;3;87;-6,928800004;43,59968333;0,4431;0,195833333;30;0,588;72,96912;1460;Hembra
465;2019;04/12/2019;3;87;-6,928800004;43,59968333;0,4431;0,195833333;30;0,588;72,96912;660;Hembra
466;2019;04/12/2019;3;87;-6,928800004;43,59968333;0,4431;0,195833333;30;0,588;72,96912;600;Hembra
467;2019;04/12/2019;3;87;-6,928800004;43,59968333;0,4431;0,195833333;30;0,588;72,96912;1255;Macho
468;2019;04/12/2019;3;87;-6,928800004;43,59968333;0,4431;0,195833333;30;0,588;72,96912;560;Hembra
469;2019;04/12/2019;3;87;-6,928800004;43,59968333;0,4431;0,195833333;30;0,588;72,96912;620;Hembra
470;2019;04/12/2019;3;87;-6,928800004;43,59968333;0,4431;0,195833333;30;0,588;72,96912;430;Hembra
471;2019;04/12/2019;3;87;-6,928800004;43,59968333;0,4431;0,195833333;30;0,588;72,96912;740;Hembra
472;2019;04/12/2019;3;87;-6,928800004;43,59968333;0,4431;0,195833333;30;0,588;72,96912;500;Macho
473;2019;04/12/2019;3;87;-6,928800004;43,59968333;0,4431;0,195833333;30;0,588;72,96912;780;Indeterminado
474;2019;04/12/2019;3;87;-6,928800004;43,59968333;0,4431;0,195833333;30;0,588;72,96912;550;Hembra
475;2019;04/12/2019;3;87;-6,928800004;43,59968333;0,4431;0,195833333;30;0,588;72,96912;740;Macho
476;2019;04/12/2019;4;88;-6,942908329;43,60134167;0,4427;0,166666667;30;0,500;69,4944;415;Hembra
477;2019;04/12/2019;4;88;-6,942908329;43,60134167;0,4427;0,166666667;30;0,500;69,4944;820;Macho
478;2019;04/12/2019;4;88;-6,942908329;43,60134167;0,4427;0,166666667;30;0,500;69,4944;1480;Hembra
479;2019;04/12/2019;4;88;-6,942908329;43,60134167;0,4427;0,166666667;30;0,500;69,4944;640;Hembra
480;2019;04/12/2019;4;88;-6,942908329;43,60134167;0,4427;0,166666667;30;0,500;69,4944;1030;Hembra
481;2019;04/12/2019;4;88;-6,942908329;43,60134167;0,4427;0,166666667;30;0,500;69,4944;550;Macho
482;2019;04/12/2019;4;88;-6,942908329;43,60134167;0,4427;0,166666667;30;0,500;69,4944;665;Macho
483;2019;04/12/2019;4;88;-6,942908329;43,60134167;0,4427;0,166666667;30;0,500;69,4944;460;Hembra
484;2019;04/12/2019;6;89;-6,95955;43,633025;0,4299;0,100694444;30;0,302;106,0704;380;Hembra
485;2019;04/12/2019;6;89;-6,95955;43,633025;0,4299;0,100694444;30;0,302;106,0704;395;Hembra
486;2019;04/12/2019;6;89;-6,95955;43,633025;0,4299;0,100694444;30;0,302;106,0704;940;Hembra
487;2019;04/12/2019;6;89;-6,95955;43,633025;0,4299;0,100694444;30;0,302;106,0704;340;Macho
488;2019;04/12/2019;7;90;-6,964724999;43,64099167;0,5635;0,123611111;30;0,371;109,36224;760;Macho
489;2019;04/12/2019;8;91;-6,940116661;43,64089167;0,5771;0,134722222;30;0,404;109,54512;605;Hembra
490;2019;04/12/2019;8;91;-6,940116661;43,64089167;0,5771;0,134722222;30;0,404;109,54512;600;Hembra
491;2019;04/12/2019;8;91;-6,940116661;43,64089167;0,5771;0,134722222;30;0,404;109,54512;585;Macho
492;2019;04/12/2019;9;92;-6,951533333;43,59890833;0,6156;0,115972222;30;0,348;64,008;690;Hembra
493;2019;04/12/2019;9;92;-6,951533333;43,59890833;0,6156;0,115972222;30;0,348;64,008;3960;Macho
494;2019;04/12/2019;9;92;-6,951533333;43,59890833;0,6156;0,115972222;30;0,348;64,008;820;Macho
495;2019;04/12/2019;9;92;-6,951533333;43,59890833;0,6156;0,115972222;30;0,348;64,008;910;Hembra
496;2019;04/12/2019;9;92;-6,951533333;43,59890833;0,6156;0,115972222;30;0,348;64,008;420;Macho
497;2019;04/12/2019;10;93;-6,957333333;43,59703333;0,6247;0,123611111;30;0,371;56,6928;405;Hembra
498;2019;04/12/2019;10;93;-6,957333333;43,59703333;0,6247;0,123611111;30;0,371;56,6928;550;Hembra
499;2019;04/12/2019;10;93;-6,957333333;43,59703333;0,6247;0,123611111;30;0,371;56,6928;530;Hembra
500;2019;04/12/2019;11;94;-6,953083346;43,57891667;0,6573;0,120833333;30;0,363;17,3736;880;Hembra
501;2019;04/12/2019;11;94;-6,953083346;43,57891667;0,6573;0,120833333;30;0,363;17,3736;535;Hembra
502;2019;04/12/2019;11;94;-6,953083346;43,57891667;0,6573;0,120833333;30;0,363;17,3736;1080;Macho
503;2019;04/12/2019;12;95;-6,950416665;43,583175;0,6538;0,102777778;30;0,308;27,432;1190;Macho
504;2019;04/12/2019;12;95;-6,950416665;43,583175;0,6538;0,102777778;30;0,308;27,432;680;Hembra
505;2019;04/12/2019;12;95;-6,950416665;43,583175;0,6538;0,102777778;30;0,308;27,432;4800;Macho
506;2019;04/12/2019;12;95;-6,950416665;43,583175;0,6538;0,102777778;30;0,308;27,432;3360;Hembra
507;2019;04/12/2019;12;95;-6,950416665;43,583175;0,6538;0,102777778;30;0,308;27,432;1300;Hembra
508;2019;04/12/2019;12;95;-6,950416665;43,583175;0,6538;0,102777778;30;0,308;27,432;3170;Macho
509;2019;04/12/2019;12;95;-6,950416665;43,583175;0,6538;0,102777778;30;0,308;27,432;550;Macho
510;2019;04/12/2019;12;95;-6,950416665;43,583175;0,6538;0,102777778;30;0,308;27,432;4130;Macho
511;2019;05/12/2019;1;96;-6,959758337;43,57980833;0,4069;0,129166667;30;0,388;18,288;740;Macho
512;2019;05/12/2019;1;96;-6,959758337;43,57980833;0,4069;0,129166667;30;0,388;18,288;630;Hembra
513;2019;05/12/2019;2;97;-6,970650001;43,57515;0,4177;0,136805556;30;0,410;23,22576;470;Hembra
514;2019;05/12/2019;2;97;-6,970650001;43,57515;0,4177;0,136805556;30;0,410;23,22576;720;Macho
515;2019;05/12/2019;2;97;-6,970650001;43,57515;0,4177;0,136805556;30;0,410;23,22576;2900;Macho
516;2019;05/12/2019;2;97;-6,970650001;43,57515;0,4177;0,136805556;30;0,410;23,22576;2110;Macho
517;2019;05/12/2019;2;97;-6,970650001;43,57515;0,4177;0,136805556;30;0,410;23,22576;540;Macho
518;2019;05/12/2019;2;97;-6,970650001;43,57515;0,4177;0,136805556;30;0,410;23,22576;1470;Hembra
519;2019;05/12/2019;2;97;-6,970650001;43,57515;0,4177;0,136805556;30;0,410;23,22576;470;Hembra
520;2019;05/12/2019;3;98;-6,973499997;43,59579167;0,4427;0,159722222;30;0,479;64,008;1390;Indeterminado
521;2019;05/12/2019;3;98;-6,973499997;43,59579167;0,4427;0,159722222;30;0,479;64,008;1600;Hembra
522;2019;05/12/2019;3;98;-6,973499997;43,59579167;0,4427;0,159722222;30;0,479;64,008;610;Macho
523;2019;05/12/2019;3;98;-6,973499997;43,59579167;0,4427;0,159722222;30;0,479;64,008;480;Macho
524;2019;05/12/2019;3;98;-6,973499997;43,59579167;0,4427;0,159722222;30;0,479;64,008;980;Macho
525;2019;05/12/2019;3;98;-6,973499997;43,59579167;0,4427;0,159722222;30;0,479;64,008;1220;Hembra
526;2019;05/12/2019;3;98;-6,973499997;43,59579167;0,4427;0,159722222;30;0,479;64,008;1820;Hembra
527;2019;05/12/2019;3;98;-6,973499997;43,59579167;0,4427;0,159722222;30;0,479;64,008;710;Macho
528;2019;05/12/2019;3;98;-6,973499997;43,59579167;0,4427;0,159722222;30;0,479;64,008;880;Macho
529;2019;05/12/2019;3;98;-6,973499997;43,59579167;0,4427;0,159722222;30;0,479;64,008;560;Macho
530;2019;05/12/2019;3;98;-6,973499997;43,59579167;0,4427;0,159722222;30;0,479;64,008;770;Hembra
531;2019;05/12/2019;4;99;-6,965050004;43,599025;0,4392;0,134027778;30;0,402;58,5216;640;Macho
532;2019;05/12/2019;4;99;-6,965050004;43,599025;0,4392;0,134027778;30;0,402;58,5216;410;Macho
533;2019;05/12/2019;4;99;-6,965050004;43,599025;0,4392;0,134027778;30;0,402;58,5216;640;Hembra
534;2019;05/12/2019;4;99;-6,965050004;43,599025;0,4392;0,134027778;30;0,402;58,5216;940;Hembra
535;2019;05/12/2019;4;99;-6,965050004;43,599025;0,4392;0,134027778;30;0,402;58,5216;2010;Hembra
536;2019;05/12/2019;5;100;-6,988749998;43,63224167;0,4948;0,128472222;30;0,385;109,728;930;Indeterminado
537;2019;05/12/2019;5;100;-6,988749998;43,63224167;0,4948;0,128472222;30;0,385;109,728;1270;Hembra
538;2019;05/12/2019;5;100;-6,988749998;43,63224167;0,4948;0,128472222;30;0,385;109,728;640;Hembra
539;2019;05/12/2019;6;101;-6,986366666;43,640825;0,4896;0,177083333;30;0,531;111,5568;540;Macho
540;2019;05/12/2019;6;101;-6,986366666;43,640825;0,4896;0,177083333;30;0,531;111,5568;960;Macho
541;2019;05/12/2019;6;101;-6,986366666;43,640825;0,4896;0,177083333;30;0,531;111,5568;1080;Hembra
542;2019;05/12/2019;6;101;-6,986366666;43,640825;0,4896;0,177083333;30;0,531;111,5568;280;Macho
543;2019;05/12/2019;6;101;-6,986366666;43,640825;0,4896;0,177083333;30;0,531;111,5568;610;Hembra
544;2019;05/12/2019;6;101;-6,986366666;43,640825;0,4896;0,177083333;30;0,531;111,5568;430;Hembra
545;2019;05/12/2019;7;102;-6,98516667;43,595375;0,5816;0,090277778;30;0,271;65,8368;1370;Hembra
546;2019;05/12/2019;7;102;-6,98516667;43,595375;0,5816;0,090277778;30;0,271;65,8368;1660;Indeterminado
547;2019;05/12/2019;7;102;-6,98516667;43,595375;0,5816;0,090277778;30;0,271;65,8368;1450;Macho
548;2019;05/12/2019;7;102;-6,98516667;43,595375;0,5816;0,090277778;30;0,271;65,8368;560;Hembra
549;2019;05/12/2019;7;102;-6,98516667;43,595375;0,5816;0,090277778;30;0,271;65,8368;920;Macho
550;2019;05/12/2019;7;102;-6,98516667;43,595375;0,5816;0,090277778;30;0,271;65,8368;560;Macho
551;2019;05/12/2019;7;102;-6,98516667;43,595375;0,5816;0,090277778;30;0,271;65,8368;540;Macho
552;2019;05/12/2019;7;102;-6,98516667;43,595375;0,5816;0,090277778;30;0,271;65,8368;620;Macho
553;2019;05/12/2019;7;102;-6,98516667;43,595375;0,5816;0,090277778;30;0,271;65,8368;1100;Hembra
554;2019;05/12/2019;7;102;-6,98516667;43,595375;0,5816;0,090277778;30;0,271;65,8368;4220;Hembra
555;2019;05/12/2019;7;102;-6,98516667;43,595375;0,5816;0,090277778;30;0,271;65,8368;3920;Hembra
556;2019;05/12/2019;8;103;-6,995750001;43,59911667;0,5733;0,06875;30;0,206;64,008;460;Hembra
557;2019;05/12/2019;8;103;-6,995750001;43,59911667;0,5733;0,06875;30;0,206;64,008;2580;Macho
558;2019;05/12/2019;8;103;-6,995750001;43,59911667;0,5733;0,06875;30;0,206;64,008;460;Macho
559;2019;05/12/2019;8;103;-6,995750001;43,59911667;0,5733;0,06875;30;0,206;64,008;400;Hembra
560;2019;05/12/2019;8;103;-6,995750001;43,59911667;0,5733;0,06875;30;0,206;64,008;3490;Macho
561;2019;06/12/2019;1;104;-6,992249994;43,60298333;0,4052;0,127777778;30;0,383;71,3232;570;Macho
562;2019;06/12/2019;1;104;-6,992249994;43,60298333;0,4052;0,127777778;30;0,383;71,3232;320;Macho
563;2019;06/12/2019;2;105;-7,025799999;43,5909;0,4229;0,14375;30;0,431;71,3232;1220;Hembra
564;2019;06/12/2019;2;105;-7,025799999;43,5909;0,4229;0,14375;30;0,431;71,3232;770;Hembra
565;2019;06/12/2019;2;105;-7,025799999;43,5909;0,4229;0,14375;30;0,431;71,3232;1090;Hembra
566;2019;06/12/2019;2;105;-7,025799999;43,5909;0,4229;0,14375;30;0,431;71,3232;750;Macho
567;2019;06/12/2019;2;105;-7,025799999;43,5909;0,4229;0,14375;30;0,431;71,3232;830;Indeterminado
568;2019;06/12/2019;2;105;-7,025799999;43,5909;0,4229;0,14375;30;0,431;71,3232;730;Hembra
569;2019;06/12/2019;3;106;-7,037683329;43,61726667;0,4403;0,148611111;30;0,446;104,2416;1040;
570;2019;06/12/2019;3;106;-7,037683329;43,61726667;0,4403;0,148611111;30;0,446;104,2416;4120;
571;2019;06/12/2019;4;107;-7,027658331;43,6281;0,4535;0,154166667;30;0,463;109,728;870;Hembra
572;2019;06/12/2019;4;107;-7,027658331;43,6281;0,4535;0,154166667;30;0,463;109,728;630;Macho
573;2019;06/12/2019;4;107;-7,027658331;43,6281;0,4535;0,154166667;30;0,463;109,728;830;Macho
574;2019;06/12/2019;4;107;-7,027658331;43,6281;0,4535;0,154166667;30;0,463;109,728;680;Macho
575;2019;06/12/2019;4;107;-7,027658331;43,6281;0,4535;0,154166667;30;0,463;109,728;530;Hembra
576;2019;06/12/2019;4;107;-7,027658331;43,6281;0,4535;0,154166667;30;0,463;109,728;430;Hembra
577;2019;06/12/2019;4;107;-7,027658331;43,6281;0,4535;0,154166667;30;0,463;109,728;560;Macho
578;2019;06/12/2019;4;107;-7,027658331;43,6281;0,4535;0,154166667;30;0,463;109,728;480;Hembra
579;2019;06/12/2019;4;107;-7,027658331;43,6281;0,4535;0,154166667;30;0,463;109,728;480;Macho
580;2019;06/12/2019;4;107;-7,027658331;43,6281;0,4535;0,154166667;30;0,463;109,728;640;Indeterminado
581;2019;06/12/2019;5;108;-6,991741661;43,58033333;0,5378;0,284027778;30;0,852;38,4048;370;Macho
582;2019;06/12/2019;5;108;-6,991741661;43,58033333;0,5378;0,284027778;30;0,852;38,4048;2800;Macho
583;2019;06/12/2019;5;108;-6,991741661;43,58033333;0,5378;0,284027778;30;0,852;38,4048;1200;Hembra
584;2019;06/12/2019;5;108;-6,991741661;43,58033333;0,5378;0,284027778;30;0,852;38,4048;1050;Hembra
585;2019;06/12/2019;5;108;-6,991741661;43,58033333;0,5378;0,284027778;30;0,852;38,4048;690;Macho
586;2019;06/12/2019;5;108;-6,991741661;43,58033333;0,5378;0,284027778;30;0,852;38,4048;1180;Macho
587;2019;06/12/2019;5;108;-6,991741661;43,58033333;0,5378;0,284027778;30;0,852;38,4048;1430;Macho
588;2019;06/12/2019;6;109;-6,982449988;43,57425;0,5493;0,283333333;30;0,850;29,2608;4800;Macho
589;2019;06/12/2019;6;109;-6,982449988;43,57425;0,5493;0,283333333;30;0,850;29,2608;7130;Hembra
590;2019;06/12/2019;6;109;-6,982449988;43,57425;0,5493;0,283333333;30;0,850;29,2608;2000;Hembra
591;2019;06/12/2019;6;109;-6,982449988;43,57425;0,5493;0,283333333;30;0,850;29,2608;1840;Macho
592;2019;06/12/2019;6;109;-6,982449988;43,57425;0,5493;0,283333333;30;0,850;29,2608;840;Macho
593;2019;06/12/2019;6;109;-6,982449988;43,57425;0,5493;0,283333333;30;0,850;29,2608;970;Macho
594;2019;06/12/2019;6;109;-6,982449988;43,57425;0,5493;0,283333333;30;0,850;29,2608;1840;Indeterminado
595;2019;06/12/2019;6;109;-6,982449988;43,57425;0,5493;0,283333333;30;0,850;29,2608;1320;Hembra
596;2019;06/12/2019;6;109;-6,982449988;43,57425;0,5493;0,283333333;30;0,850;29,2608;880;Macho
597;2019;06/12/2019;6;109;-6,982449988;43,57425;0,5493;0,283333333;30;0,850;29,2608;930;Macho
598;2019;06/12/2019;6;109;-6,982449988;43,57425;0,5493;0,283333333;30;0,850;29,2608;1010;Indeterminado
599;2019;06/12/2019;6;109;-6,982449988;43,57425;0,5493;0,283333333;30;0,850;29,2608;4200;Hembra
600;2019;06/12/2019;7;110;-6,988666661;43,593575;0,5497;0,131944444;30;0,396;54,864;950;Hembra
601;2019;06/12/2019;7;110;-6,988666661;43,593575;0,5497;0,131944444;30;0,396;54,864;740;Macho
602;2019;06/12/2019;7;110;-6,988666661;43,593575;0,5497;0,131944444;30;0,396;54,864;1410;Macho
603;2019;06/12/2019;7;110;-6,988666661;43,593575;0,5497;0,131944444;30;0,396;54,864;470;Hembra
604;2019;06/12/2019;7;110;-6,988666661;43,593575;0,5497;0,131944444;30;0,396;54,864;4250;Macho
605;2019;06/12/2019;7;110;-6,988666661;43,593575;0,5497;0,131944444;30;0,396;54,864;3400;Hembra
606;2019;06/12/2019;8;111;-6,992374993;43,62455;0,5958;0,0875;30;0,263;108,26496;1980;Hembra
607;2019;06/12/2019;9;112;-6,986600003;43,61679167;0,6063;0,098611111;30;0,296;102,04704;450;Hembra
608;2019;06/12/2019;9;112;-6,986600003;43,61679167;0,6063;0,098611111;30;0,296;102,04704;870;Hembra
609;2019;06/12/2019;9;112;-6,986600003;43,61679167;0,6063;0,098611111;30;0,296;102,04704;550;Macho
610;2019;06/12/2019;9;112;-6,986600003;43,61679167;0,6063;0,098611111;30;0,296;102,04704;690;Hembra
611;2019;06/12/2019;9;112;-6,986600003;43,61679167;0,6063;0,098611111;30;0,296;102,04704;770;Hembra
612;2019;06/12/2019;9;112;-6,986600003;43,61679167;0,6063;0,098611111;30;0,296;102,04704;1140;Macho
